{
  "project_info": {
    "project_number": "1013203817756",
    "firebase_url": "https://literacy-land-default-rtdb.firebaseio.com",
    "project_id": "literacy-land",
    "storage_bucket": "literacy-land.appspot.com"
  },
  "client": [
    {
      "client_info": {
        "mobilesdk_app_id": "1:1013203817756:android:eadbfed4218a311a5e96d9",
        "android_client_info": {
          "package_name": "com.DefaultCompany.LiteracyLand"
        }
      },
      "oauth_client": [
        {
          "client_id": "1013203817756-7motb4uodoijoubuj83s28rji4lgvrq0.apps.googleusercontent.com",
          "client_type": 3
        }
      ],
      "api_key": [
        {
          "current_key": "AIzaSyBjr7SwGOCLePZAZvFIwewUAZX8ZHNStoE"
        }
      ],
      "services": {
        "appinvite_service": {
          "other_platform_oauth_client": [
            {
              "client_id": "1013203817756-7motb4uodoijoubuj83s28rji4lgvrq0.apps.googleusercontent.com",
              "client_type": 3
            },
            {
              "client_id": "1013203817756-vm3tvelsj7j0mnv9nqhm3jrtv9q3n2rd.apps.googleusercontent.com",
              "client_type": 2,
              "ios_info": {
                "bundle_id": "com.DefaultCompany.Literacy-Land"
              }
            }
          ]
        }
      }
    }
  ],
  "configuration_version": "1"
}